Date,CAD=X
2016-01-01,1.3899699449539185
2016-01-04,1.3864500522613525
2016-01-05,1.3934299945831299
2016-01-06,1.3983999490737915
2016-01-07,1.4067599773406982
2016-01-08,1.4101999998092651
2016-01-11,1.4184000492095947
2016-01-12,1.4221999645233154
2016-01-13,1.4255000352859497
2016-01-14,1.4350999593734741
2016-01-15,1.4344600439071655
2016-01-18,1.457800030708313
2016-01-19,1.454450011253357
2016-01-20,1.45632004737854
2016-01-21,1.4474999904632568
2016-01-22,1.4270800352096558
2016-01-25,1.4140599966049194
2016-01-26,1.4296000003814697
2016-01-27,1.4118000268936157
2016-01-28,1.4094799757003784
2016-01-29,1.4034299850463867
2016-02-01,1.397279977798462
2016-02-02,1.3949999809265137
2016-02-03,1.406000018119812
2016-02-04,1.3794200420379639
2016-02-05,1.3755199909210205
2016-02-08,1.3882999420166016
2016-02-09,1.3925000429153442
2016-02-10,1.388319969177246
2016-02-11,1.392300009727478
2016-02-12,1.3916300535202026
2016-02-15,1.383679986000061
2016-02-16,1.3821899890899658
2016-02-17,1.3865200281143188
2016-02-18,1.3677400350570679
2016-02-19,1.3737900257110596
2016-02-22,1.3789000511169434
2016-02-23,1.370300054550171
2016-02-24,1.379699945449829
2016-02-25,1.370300054550171
2016-02-26,1.3544000387191772
2016-02-29,1.354699969291687
2016-03-01,1.3537399768829346
2016-03-02,1.3427000045776367
2016-03-03,1.342900037765503
2016-03-04,1.3406000137329102
2016-03-07,1.3329999446868896
2016-03-08,1.329300045967102
2016-03-09,1.3416999578475952
2016-03-10,1.3247699737548828
2016-03-11,1.33378005027771
2016-03-14,1.3235700130462646
2016-03-15,1.327280044555664
2016-03-16,1.3353999853134155
2016-03-17,1.3115999698638916
2016-03-18,1.2984000444412231
2016-03-21,1.3046000003814697
2016-03-22,1.3092000484466553
2016-03-23,1.3050099611282349
2016-03-24,1.3209999799728394
2016-03-25,1.3250800371170044
2016-03-28,1.3271000385284424
2016-03-29,1.3174699544906616
2016-03-30,1.3063000440597534
2016-03-31,1.297659993171692
2016-04-01,1.2990599870681763
2016-04-04,1.3035999536514282
2016-04-05,1.307669997215271
2016-04-06,1.3141200542449951
2016-04-07,1.3080799579620361
2016-04-08,1.3140000104904175
2016-04-11,1.2979099750518799
2016-04-12,1.2908799648284912
2016-04-13,1.2766000032424927
2016-04-14,1.281790018081665
2016-04-15,1.2839000225067139
2016-04-18,1.2978999614715576
2016-04-19,1.276919960975647
2016-04-20,1.2696199417114258
2016-04-21,1.264549970626831
2016-04-22,1.2724299430847168
2016-04-25,1.2670199871063232
2016-04-26,1.2675000429153442
2016-04-27,1.2608000040054321
2016-04-28,1.2583800554275513
2016-04-29,1.2553000450134277
2016-05-02,1.2542999982833862
2016-05-03,1.2529000043869019
2016-05-04,1.270009994506836
2016-05-05,1.2862000465393066
2016-05-06,1.2851999998092651
2016-05-09,1.2928099632263184
2016-05-10,1.295680046081543
2016-05-11,1.2916300296783447
2016-05-12,1.2860000133514404
2016-05-13,1.28410005569458
2016-05-16,1.2954800128936768
2016-05-17,1.2898900508880615
2016-05-18,1.2910399436950684
2016-05-19,1.302299976348877
2016-05-20,1.3085999488830566
2016-05-23,1.312399983406067
2016-05-24,1.3144999742507935
2016-05-25,1.3125
2016-05-26,1.3034000396728516
2016-05-27,1.2975300550460815
2016-05-30,1.3046000003814697
2016-05-31,1.3037999868392944
2016-06-01,1.3076200485229492
2016-06-02,1.3075100183486938
2016-06-03,1.309399962425232
2016-06-06,1.295930027961731
2016-06-07,1.2813700437545776
2016-06-08,1.275670051574707
2016-06-09,1.268399953842163
2016-06-10,1.2729400396347046
2016-06-13,1.2782299518585205
2016-06-14,1.2828199863433838
2016-06-15,1.2860599756240845
2016-06-16,1.2907999753952026
2016-06-17,1.2916899919509888
2016-06-20,1.2847900390625
2016-06-21,1.2798000574111938
2016-06-22,1.2802000045776367
2016-06-23,1.2813999652862549
2016-06-24,1.2832000255584717
2016-06-27,1.3020999431610107
2016-06-28,1.306570053100586
2016-06-29,1.301900029182434
2016-06-30,1.293429970741272
2016-07-01,1.295799970626831
2016-07-04,1.291100025177002
2016-07-05,1.2867300510406494
2016-07-06,1.3005599975585938
2016-07-07,1.2960000038146973
2016-07-08,1.2997000217437744
2016-07-11,1.3044999837875366
2016-07-12,1.3122999668121338
2016-07-13,1.3057600259780884
2016-07-14,1.2974300384521484
2016-07-15,1.2908300161361694
2016-07-18,1.2956899404525757
2016-07-19,1.295799970626831
2016-07-20,1.3026599884033203
2016-07-21,1.3067200183868408
2016-07-22,1.3073699474334717
2016-07-25,1.3135499954223633
2016-07-26,1.3222899436950684
2016-07-27,1.3175499439239502
2016-07-28,1.313730001449585
2016-07-29,1.3151899576187134
2016-08-01,1.3058300018310547
2016-08-02,1.312250018119812
2016-08-03,1.310539960861206
2016-08-04,1.3069499731063843
2016-08-05,1.3015400171279907
2016-08-08,1.3179899454116821
2016-08-09,1.3155299425125122
2016-08-10,1.3116799592971802
2016-08-11,1.3056000471115112
2016-08-12,1.2984100580215454
2016-08-15,1.2958699464797974
2016-08-16,1.2927500009536743
2016-08-17,1.286329984664917
2016-08-18,1.2844300270080566
2016-08-19,1.2775800228118896
2016-08-22,1.2891600131988525
2016-08-23,1.2940000295639038
2016-08-24,1.291949987411499
2016-08-25,1.2931400537490845
2016-08-26,1.2912399768829346
2016-08-29,1.3014800548553467
2016-08-30,1.3009999990463257
2016-08-31,1.3086700439453125
2016-09-01,1.310920000076294
2016-09-02,1.309399962425232
2016-09-05,1.299399971961975
2016-09-06,1.2929199934005737
2016-09-07,1.2845900058746338
2016-09-08,1.2882100343704224
2016-09-09,1.292099952697754
2016-09-12,1.304800033569336
2016-09-13,1.3029999732971191
2016-09-14,1.3157700300216675
2016-09-15,1.3193600177764893
2016-09-16,1.3158999681472778
2016-09-19,1.3198699951171875
2016-09-20,1.320199966430664
2016-09-21,1.318179965019226
2016-09-22,1.3082599639892578
2016-09-23,1.3046900033950806
2016-09-26,1.3151600360870361
2016-09-27,1.3227399587631226
2016-09-28,1.3207000494003296
2016-09-29,1.3064199686050415
2016-09-30,1.315269947052002
2016-10-03,1.3132599592208862
2016-10-04,1.3115899562835693
2016-10-05,1.3196500539779663
2016-10-06,1.3177000284194946
2016-10-07,1.3220000267028809
2016-10-10,1.3251399993896484
2016-10-11,1.3166999816894531
2016-10-12,1.3229199647903442
2016-10-13,1.3275400400161743
2016-10-14,1.3202300071716309
2016-10-17,1.314170002937317
2016-10-18,1.3114800453186035
2016-10-19,1.310789942741394
2016-10-20,1.313330054283142
2016-10-21,1.322700023651123
2016-10-24,1.3352999687194824
2016-10-25,1.3349000215530396
2016-10-26,1.3351999521255493
2016-10-27,1.3373899459838867
2016-10-28,1.338729977607727
2016-10-31,1.3401999473571777
2016-11-01,1.341879963874817
2016-11-02,1.3391000032424927
2016-11-03,1.339400053024292
2016-11-04,1.339210033416748
2016-11-07,1.3359299898147583
2016-11-08,1.3370800018310547
2016-11-09,1.32955002784729
2016-11-10,1.3412400484085083
2016-11-11,1.347040057182312
2016-11-14,1.3526300191879272
2016-11-15,1.353790044784546
2016-11-16,1.3454899787902832
2016-11-17,1.3426400423049927
2016-11-18,1.3536299467086792
2016-11-21,1.3508000373840332
2016-11-22,1.3408000469207764
2016-11-23,1.3431999683380127
2016-11-24,1.3501499891281128
2016-11-25,1.3490999937057495
2016-11-28,1.3516000509262085
2016-11-29,1.3403300046920776
2016-11-30,1.3431199789047241
2016-12-01,1.3425400257110596
2016-12-02,1.3306900262832642
2016-12-05,1.3320399522781372
2016-12-06,1.3272000551223755
2016-12-07,1.3277000188827515
2016-12-08,1.32260000705719
2016-12-09,1.3194999694824219
2016-12-12,1.3128900527954102
2016-12-13,1.3126699924468994
2016-12-14,1.313439965248108
2016-12-15,1.3285800218582153
2016-12-16,1.3333100080490112
2016-12-19,1.3339300155639648
2016-12-20,1.3403600454330444
2016-12-21,1.3371200561523438
2016-12-22,1.3431799411773682
2016-12-23,1.348140001296997
2016-12-26,1.352020025253296
2016-12-27,1.3522499799728394
2016-12-28,1.3575700521469116
2016-12-29,1.3552600145339966
2016-12-30,1.3478100299835205
2017-01-02,1.343400001525879
2017-01-03,1.3441400527954102
2017-01-04,1.3421800136566162
2017-01-05,1.3299000263214111
2017-01-06,1.3229399919509888
2017-01-09,1.324180006980896
2017-01-10,1.3214099407196045
2017-01-11,1.3243999481201172
2017-01-12,1.3163199424743652
2017-01-13,1.315060019493103
2017-01-16,1.312600016593933
2017-01-17,1.3174999952316284
2017-01-18,1.3061699867248535
2017-01-19,1.3265000581741333
2017-01-20,1.3321499824523926
2017-01-23,1.3303799629211426
2017-01-24,1.3237700462341309
2017-01-25,1.3153599500656128
2017-01-26,1.3069499731063843
2017-01-27,1.309000015258789
2017-01-30,1.3131500482559204
2017-01-31,1.310230016708374
2017-02-01,1.3035999536514282
2017-02-02,1.3048700094223022
2017-02-03,1.303030014038086
2017-02-06,1.3018200397491455
2017-02-07,1.308500051498413
2017-02-08,1.3190300464630127
2017-02-09,1.314579963684082
2017-02-10,1.3133000135421753
2017-02-13,1.3117899894714355
2017-02-14,1.3071500062942505
2017-02-15,1.3081200122833252
2017-02-16,1.3067699670791626
2017-02-17,1.3075200319290161
2017-02-20,1.3088200092315674
2017-02-21,1.310520052909851
2017-02-22,1.3146300315856934
2017-02-23,1.3164600133895874
2017-02-24,1.3100600242614746
2017-02-27,1.3119299411773682
2017-02-28,1.3186899423599243
2017-03-01,1.331130027770996
2017-03-02,1.3351999521255493
2017-03-03,1.339269995689392
2017-03-06,1.3381999731063843
2017-03-07,1.3401399850845337
2017-03-08,1.3410500288009644
2017-03-09,1.3486000299453735
2017-03-10,1.3506799936294556
2017-03-13,1.3458499908447266
2017-03-14,1.3451199531555176
2017-03-15,1.347249984741211
2017-03-16,1.3296799659729004
2017-03-17,1.332260012626648
2017-03-20,1.333299994468689
2017-03-21,1.3337700366973877
2017-03-22,1.3357000350952148
2017-03-23,1.3331999778747559
2017-03-24,1.3348499536514282
2017-03-27,1.332450032234192
2017-03-28,1.3388500213623047
2017-03-29,1.3377399444580078
2017-03-30,1.3330999612808228
2017-03-31,1.3332500457763672
2017-04-03,1.3325799703598022
2017-04-04,1.3384599685668945
2017-04-05,1.3397899866104126
2017-04-06,1.343440055847168
2017-04-07,1.3418400287628174
2017-04-10,1.3407000303268433
2017-04-11,1.3322499990463257
2017-04-12,1.3325599431991577
2017-04-13,1.3242499828338623
2017-04-14,1.3336399793624878
2017-04-17,1.3313000202178955
2017-04-18,1.332550048828125
2017-04-19,1.3382099866867065
2017-04-20,1.3482999801635742
2017-04-21,1.3475899696350098
2017-04-24,1.3482999801635742
2017-04-25,1.3549000024795532
2017-04-26,1.35739004611969
2017-04-27,1.3619600534439087
2017-04-28,1.3627899885177612
2017-05-01,1.3641999959945679
2017-05-02,1.3672000169754028
2017-05-03,1.370669960975647
2017-05-04,1.372730016708374
2017-05-05,1.3751200437545776
2017-05-08,1.3671300411224365
2017-05-09,1.3693699836730957
2017-05-10,1.3707000017166138
2017-05-11,1.3710700273513794
2017-05-12,1.3703900575637817
2017-05-15,1.3717600107192993
2017-05-16,1.3628300428390503
2017-05-17,1.3612300157546997
2017-05-18,1.3598899841308594
2017-05-19,1.3603500127792358
2017-05-22,1.3516199588775635
2017-05-23,1.3491899967193604
2017-05-24,1.352120041847229
2017-05-25,1.34128999710083
2017-05-26,1.3483400344848633
2017-05-29,1.3453400135040283
2017-05-30,1.3473399877548218
2017-05-31,1.3470200300216675
2017-06-01,1.3490400314331055
2017-06-02,1.3515499830245972
2017-06-05,1.3498400449752808
2017-06-06,1.3477699756622314
2017-06-07,1.3449599742889404
2017-06-08,1.3510500192642212
2017-06-09,1.3522100448608398
2017-06-12,1.3456100225448608
2017-06-13,1.3311400413513184
2017-06-14,1.3240400552749634
2017-06-15,1.3242299556732178
2017-06-16,1.325600028038025
2017-06-19,1.321179986000061
2017-06-20,1.32260000705719
2017-06-21,1.326990008354187
2017-06-22,1.3324999809265137
2017-06-23,1.323099970817566
2017-06-26,1.3261699676513672
2017-06-27,1.3257399797439575
2017-06-28,1.3183000087738037
2017-06-29,1.3038599491119385
2017-06-30,1.2992600202560425
2017-07-03,1.2974599599838257
2017-07-04,1.2990299463272095
2017-07-05,1.2931499481201172
2017-07-06,1.2959200143814087
2017-07-07,1.2978500127792358
2017-07-10,1.288100004196167
2017-07-12,1.2910799980163574
2017-07-13,1.2749799489974976
2017-07-14,1.2726800441741943
2017-07-17,1.2641799449920654
2017-07-18,1.2696900367736816
2017-07-19,1.2631800174713135
2017-07-20,1.2599999904632568
2017-07-21,1.259619951248169
2017-07-24,1.2534500360488892
2017-07-25,1.250540018081665
2017-07-26,1.2506500482559204
2017-07-27,1.2452000379562378
2017-07-28,1.253980040550232
2017-07-31,1.2461400032043457
2017-08-01,1.2506999969482422
2017-08-02,1.2546499967575073
2017-08-03,1.257200002670288
2017-08-04,1.2568299770355225
2017-08-07,1.2640999555587769
2017-08-08,1.2675000429153442
2017-08-09,1.2670799493789673
2017-08-10,1.2695200443267822
2017-08-11,1.2739399671554565
2017-08-14,1.267359972000122
2017-08-15,1.2729099988937378
2017-08-16,1.2752900123596191
2017-08-17,1.2624499797821045
2017-08-18,1.268399953842163
2017-08-21,1.2585699558258057
2017-08-22,1.2558399438858032
2017-08-23,1.2565300464630127
2017-08-24,1.254330039024353
2017-08-25,1.251289963722229
2017-08-28,1.2471799850463867
2017-08-29,1.251420021057129
2017-08-30,1.2514499425888062
2017-08-31,1.2627400159835815
2017-09-01,1.2472000122070312
2017-09-04,1.2378499507904053
2017-09-05,1.2412899732589722
2017-09-06,1.2368099689483643
2017-09-07,1.2233200073242188
2017-09-08,1.2108700275421143
2017-09-11,1.2151399850845337
2017-09-12,1.210729956626892
2017-09-13,1.2173999547958374
2017-09-14,1.216920018196106
2017-09-15,1.2163000106811523
2017-09-18,1.2197999954223633
2017-09-19,1.2280100584030151
2017-09-20,1.2289700508117676
2017-09-21,1.2345399856567383
2017-09-22,1.23239004611969
2017-09-25,1.2345999479293823
2017-09-26,1.2370200157165527
2017-09-27,1.2363699674606323
2017-09-28,1.2481600046157837
2017-09-29,1.243630051612854
2017-10-02,1.2473200559616089
2017-10-03,1.2517000436782837
2017-10-04,1.249019980430603
2017-10-05,1.2479000091552734
2017-10-06,1.2568800449371338
2017-10-09,1.2536300420761108
2017-10-10,1.2552800178527832
2017-10-11,1.2508000135421753
2017-10-12,1.2448400259017944
2017-10-13,1.247499942779541
2017-10-16,1.2476999759674072
2017-10-17,1.2523000240325928
2017-10-18,1.2497999668121338
2017-10-19,1.2465800046920776
2017-10-20,1.2480700016021729
2017-10-23,1.263700008392334
2017-10-24,1.2639000415802002
2017-10-25,1.2670999765396118
2017-10-26,1.2792999744415283
2017-10-27,1.2848000526428223
2017-10-30,1.2831300497055054
2017-10-31,1.2824300527572632
2017-11-01,1.2891199588775635
2017-11-02,1.2874300479888916
2017-11-03,1.280750036239624
2017-11-06,1.2760000228881836
2017-11-07,1.2713600397109985
2017-11-08,1.2761399745941162
2017-11-09,1.272779941558838
2017-11-10,1.2678300142288208
2017-11-13,1.2691800594329834
2017-11-14,1.273669958114624
2017-11-15,1.2734999656677246
2017-11-17,1.2757899761199951
2017-11-20,1.2791999578475952
2017-11-21,1.2813299894332886
2017-11-22,1.277400016784668
2017-11-23,1.2704999446868896
2017-11-24,1.2712600231170654
2017-11-27,1.271399974822998
2017-11-28,1.2758400440216064
2017-11-29,1.2814699411392212
2017-11-30,1.2862000465393066
2017-12-01,1.289139986038208
2017-12-04,1.2718100547790527
2017-12-05,1.267699956893921
2017-12-06,1.2694000005722046
2017-12-07,1.278689980506897
2017-12-08,1.2857999801635742
2017-12-11,1.2860000133514404
2017-12-12,1.2853000164031982
2017-12-13,1.2868000268936157
2017-12-14,1.281599998474121
2017-12-15,1.2794500589370728
2017-12-18,1.2874399423599243
2017-12-19,1.2864899635314941
2017-12-20,1.2878199815750122
2017-12-21,1.282639980316162
2017-12-22,1.2735999822616577
2017-12-25,1.2726000547409058
2017-12-26,1.2715500593185425
2017-12-27,1.2687000036239624
2017-12-28,1.2649699449539185
2017-12-29,1.2565499544143677
2018-01-01,1.258080005645752
2018-01-02,1.2554999589920044
2018-01-03,1.2503900527954102
2018-01-04,1.2546900510787964
2018-01-05,1.2490299940109253
2018-01-08,1.2393200397491455
2018-01-09,1.2414599657058716
2018-01-10,1.2473200559616089
2018-01-11,1.253059983253479
2018-01-12,1.2518999576568604
2018-01-15,1.2460399866104126
2018-01-16,1.2424499988555908
2018-01-17,1.2425199747085571
2018-01-18,1.243749976158142
2018-01-19,1.241129994392395
2018-01-22,1.248610019683838
2018-01-23,1.2452000379562378
2018-01-24,1.2414300441741943
2018-01-25,1.2352499961853027
2018-01-26,1.2375999689102173
2018-01-29,1.2312999963760376
2018-01-30,1.2334200143814087
2018-01-31,1.2336100339889526
2018-02-01,1.2302000522613525
2018-02-02,1.2260600328445435
2018-02-05,1.2431999444961548
2018-02-06,1.2535899877548218
2018-02-07,1.2504299879074097
2018-02-08,1.256500005722046
2018-02-09,1.259060025215149
2018-02-12,1.2587000131607056
2018-02-13,1.257699966430664
2018-02-14,1.2589000463485718
2018-02-15,1.2483199834823608
2018-02-16,1.2482000589370728
2018-02-19,1.255679965019226
2018-02-20,1.256700038909912
2018-02-21,1.2647000551223755
2018-02-22,1.2697700262069702
2018-02-23,1.2711999416351318
2018-02-26,1.2648500204086304
2018-02-27,1.268399953842163
2018-02-28,1.277109980583191
2018-03-01,1.2833000421524048
2018-03-02,1.283210039138794
2018-03-05,1.2888100147247314
2018-03-06,1.2979899644851685
2018-03-07,1.29489004611969
2018-03-08,1.290619969367981
2018-03-09,1.2896100282669067
2018-03-12,1.2812199592590332
2018-03-13,1.284209966659546
2018-03-14,1.295699954032898
2018-03-15,1.295199990272522
2018-03-16,1.3051700592041016
2018-03-19,1.3092000484466553
2018-03-20,1.3080600500106812
2018-03-21,1.3074400424957275
2018-03-22,1.289720058441162
2018-03-23,1.2931100130081177
2018-03-26,1.2880699634552002
2018-03-27,1.2836099863052368
2018-03-28,1.287850022315979
2018-03-29,1.291890025138855
2018-03-30,1.288699984550476
2018-04-02,1.289289951324463
2018-04-03,1.292099952697754
2018-04-04,1.2806199789047241
2018-04-05,1.2754499912261963
2018-04-06,1.276919960975647
2018-04-09,1.2778700590133667
2018-04-10,1.2702000141143799
2018-04-11,1.2593400478363037
2018-04-12,1.256700038909912
2018-04-13,1.2588800191879272
2018-04-16,1.2601799964904785
2018-04-17,1.256600022315979
2018-04-18,1.2558300495147705
2018-04-19,1.2625999450683594
2018-04-20,1.2664899826049805
2018-04-23,1.276669979095459
2018-04-24,1.2843999862670898
2018-04-25,1.2821300029754639
2018-04-26,1.2835999727249146
2018-04-27,1.2870299816131592
2018-04-30,1.2839800119400024
2018-05-01,1.283139944076538
2018-05-02,1.2845200300216675
2018-05-03,1.2882000207901
2018-05-04,1.2850600481033325
2018-05-07,1.285580039024353
2018-05-08,1.2878999710083008
2018-05-09,1.2943999767303467
2018-05-10,1.2849700450897217
2018-05-11,1.2769800424575806
2018-05-14,1.2781000137329102
2018-05-15,1.2799999713897705
2018-05-16,1.2872099876403809
2018-05-17,1.2782000303268433
2018-05-18,1.2835500240325928
2018-05-21,1.2877099514007568
2018-05-22,1.277590036392212
2018-05-23,1.281599998474121
2018-05-24,1.283400058746338
2018-05-25,1.2883000373840332
2018-05-28,1.2976100444793701
2018-05-29,1.2991700172424316
2018-05-30,1.3029999732971191
2018-05-31,1.2893099784851074
2018-06-01,1.294409990310669
2018-06-04,1.2954000234603882
2018-06-05,1.2924000024795532
2018-06-06,1.2939000129699707
2018-06-07,1.2945799827575684
2018-06-08,1.298200011253357
2018-06-11,1.2968900203704834
2018-06-12,1.2987200021743774
2018-06-13,1.3015899658203125
2018-06-14,1.2973300218582153
2018-06-15,1.3116099834442139
2018-06-18,1.319700002670288
2018-06-19,1.321120023727417
2018-06-20,1.3278800249099731
2018-06-21,1.3306599855422974
2018-06-22,1.3317400217056274
2018-06-25,1.3278800249099731
2018-06-26,1.329759955406189
2018-06-27,1.3301600217819214
2018-06-28,1.3329399824142456
2018-06-29,1.3255200386047363
2018-07-02,1.3147799968719482
2018-07-03,1.3187400102615356
2018-07-04,1.3142000436782837
2018-07-05,1.3139100074768066
2018-07-06,1.313599944114685
2018-07-09,1.3095899820327759
2018-07-10,1.3110300302505493
2018-07-11,1.3142999410629272
2018-07-12,1.3207000494003296
2018-07-13,1.3165199756622314
2018-07-16,1.315600037574768
2018-07-17,1.3136299848556519
2018-07-18,1.3203400373458862
2018-07-19,1.316789984703064
2018-07-20,1.3259999752044678
2018-07-23,1.3118200302124023
2018-07-24,1.3169000148773193
2018-07-25,1.3150299787521362
2018-07-26,1.3037099838256836
2018-07-27,1.3069000244140625
2018-07-30,1.3061000108718872
2018-07-31,1.3028000593185425
2018-08-01,1.301800012588501
2018-08-02,1.2998499870300293
2018-08-03,1.3024499416351318
2018-08-06,1.3013800382614136
2018-08-07,1.3000999689102173
2018-08-08,1.3058799505233765
2018-08-09,1.301900029182434
2018-08-10,1.3045799732208252
2018-08-13,1.315000057220459
2018-08-14,1.3132200241088867
2018-08-15,1.3056000471115112
2018-08-16,1.3143399953842163
2018-08-17,1.3159500360488892
2018-08-20,1.3059799671173096
2018-08-21,1.3041499853134155
2018-08-22,1.3034299612045288
2018-08-23,1.3007700443267822
2018-08-24,1.3101400136947632
2018-08-27,1.300879955291748
2018-08-28,1.2963299751281738
2018-08-29,1.2929500341415405
2018-08-30,1.2904200553894043
2018-08-31,1.2985899448394775
2018-09-03,1.305999994277954
2018-09-04,1.3094700574874878
2018-09-05,1.317430019378662
2018-09-06,1.3174400329589844
2018-09-07,1.3154799938201904
2018-09-10,1.3169000148773193
2018-09-11,1.316230058670044
2018-09-12,1.306249976158142
2018-09-13,1.2999999523162842
2018-09-14,1.3005399703979492
2018-09-17,1.3042700290679932
2018-09-18,1.3063499927520752
2018-09-19,1.297160029411316
2018-09-20,1.2918100357055664
2018-09-21,1.2908799648284912
2018-09-24,1.2913000583648682
2018-09-25,1.2948700189590454
2018-09-26,1.2957199811935425
2018-09-27,1.303670048713684
2018-09-28,1.3036400079727173
2018-10-01,1.284060001373291
2018-10-02,1.281209945678711
2018-10-03,1.2818900346755981
2018-10-04,1.2877999544143677
2018-10-05,1.2920000553131104
2018-10-08,1.294800043106079
2018-10-09,1.2954000234603882
2018-10-10,1.2937999963760376
2018-10-11,1.3050899505615234
2018-10-12,1.3031200170516968
2018-10-15,1.3023300170898438
2018-10-16,1.2993299961090088
2018-10-17,1.2935600280761719
2018-10-18,1.3025000095367432
2018-10-19,1.3078900575637817
2018-10-22,1.3103400468826294
2018-10-23,1.3097000122070312
2018-10-24,1.3080699443817139
2018-10-25,1.3047499656677246
2018-10-26,1.307070016860962
2018-10-29,1.3095500469207764
2018-10-30,1.312880039215088
2018-10-31,1.311400055885315
2018-11-01,1.315750002861023
2018-11-02,1.3090200424194336
2018-11-05,1.3100700378417969
2018-11-06,1.310920000076294
2018-11-07,1.3116300106048584
2018-11-08,1.3115700483322144
2018-11-09,1.3142800331115723
2018-11-12,1.319290041923523
2018-11-13,1.3242000341415405
2018-11-14,1.3224600553512573
2018-11-15,1.3246999979019165
2018-11-16,1.317199945449829
2018-11-19,1.314650058746338
2018-11-20,1.3171600103378296
2018-11-21,1.3305000066757202
2018-11-22,1.3224999904632568
2018-11-23,1.31905996799469
2018-11-26,1.32260000705719
2018-11-27,1.325350046157837
2018-11-28,1.3295400142669678
2018-11-29,1.3276000022888184
2018-11-30,1.3274999856948853
2018-12-03,1.3255599737167358
2018-12-04,1.3197699785232544
2018-12-05,1.3255000114440918
2018-12-06,1.3359999656677246
2018-12-07,1.3393700122833252
2018-12-10,1.3327399492263794
2018-12-11,1.3397899866104126
2018-12-12,1.337839961051941
2018-12-13,1.3345999717712402
2018-12-14,1.3346999883651733
2018-12-17,1.3387900590896606
2018-12-18,1.341230034828186
2018-12-19,1.3457000255584717
2018-12-20,1.3474899530410767
2018-12-21,1.3498400449752808
2018-12-24,1.3595399856567383
2018-12-25,1.36080002784729
2018-12-26,1.3586000204086304
2018-12-27,1.357300043106079
2018-12-28,1.361899971961975
2018-12-31,1.3622000217437744
2019-01-01,1.3394299745559692
2019-01-02,1.3625400066375732
2019-01-03,1.3631199598312378
2019-01-04,1.3478800058364868
2019-01-07,1.3369300365447998
2019-01-08,1.3295999765396118
2019-01-09,1.3246999979019165
2019-01-10,1.3211499452590942
2019-01-11,1.3238999843597412
2019-01-14,1.326740026473999
2019-01-15,1.3276100158691406
2019-01-16,1.3259600400924683
2019-01-17,1.3258700370788574
2019-01-18,1.3280199766159058
2019-01-21,1.3274999856948853
2019-01-22,1.3294999599456787
2019-01-23,1.3356000185012817
2019-01-24,1.3341100215911865
2019-01-25,1.3350499868392944
2019-01-28,1.322100043296814
2019-01-29,1.3260300159454346
2019-01-30,1.327139973640442
2019-01-31,1.3141000270843506
2019-02-01,1.3125900030136108
2019-02-04,1.3099000453948975
2019-02-05,1.311650037765503
2019-02-06,1.312399983406067
2019-02-07,1.3213000297546387
2019-02-08,1.331089973449707
2019-02-11,1.3273999691009521
2019-02-12,1.3300000429153442
2019-02-13,1.3228600025177002
2019-02-14,1.325909972190857
2019-02-15,1.329699993133545
2019-02-18,1.3238999843597412
2019-02-19,1.3234000205993652
2019-02-20,1.320889949798584
2019-02-21,1.3170000314712524
2019-02-22,1.322540044784546
2019-02-25,1.313099980354309
2019-02-26,1.318519949913025
2019-02-27,1.3162000179290771
2019-02-28,1.3144999742507935
2019-03-01,1.3164299726486206
2019-03-04,1.3283599615097046
2019-03-05,1.3311899900436401
2019-03-06,1.3353300094604492
2019-03-07,1.3443000316619873
2019-03-08,1.3444700241088867
2019-03-11,1.3417999744415283
2019-03-12,1.339460015296936
2019-03-13,1.3357000350952148
2019-03-14,1.3294999599456787
2019-03-15,1.3324700593948364
2019-03-18,1.3341000080108643
2019-03-19,1.3336999416351318
2019-03-20,1.332200050354004
2019-03-21,1.3286000490188599
2019-03-22,1.3365000486373901
2019-03-25,1.3424999713897705
2019-03-26,1.3392000198364258
2019-03-27,1.3379100561141968
2019-03-28,1.3411699533462524
2019-03-29,1.3430500030517578
2019-04-01,1.3346999883651733
2019-04-02,1.3310999870300293
2019-04-03,1.3343000411987305
2019-04-04,1.3342000246047974
2019-04-05,1.3364700078964233
2019-04-08,1.3371000289916992
2019-04-09,1.3313599824905396
2019-04-10,1.3327800035476685
2019-04-11,1.331779956817627
2019-04-12,1.3377900123596191
2019-04-15,1.3332500457763672
2019-04-16,1.3367999792099
2019-04-17,1.3359299898147583
2019-04-18,1.3348000049591064
2019-04-19,1.3375999927520752
2019-04-22,1.338089942932129
2019-04-23,1.334529995918274
2019-04-24,1.342769980430603
2019-04-25,1.3493000268936157
2019-04-26,1.3478000164031982
2019-04-29,1.3459999561309814
2019-04-30,1.3454699516296387
2019-05-01,1.3387900590896606
2019-05-02,1.3438899517059326
2019-05-03,1.3469200134277344
2019-05-06,1.3472199440002441
2019-05-07,1.3448899984359741
2019-05-08,1.3468999862670898
2019-05-09,1.3472299575805664
2019-05-10,1.3465299606323242
2019-05-13,1.343940019607544
2019-05-14,1.347599983215332
2019-05-15,1.3459999561309814
2019-05-16,1.3441599607467651
2019-05-17,1.3461999893188477
2019-05-20,1.344689965248108
2019-05-21,1.3427200317382812
2019-05-23,1.343649983406067
2019-05-24,1.3473600149154663
2019-05-27,1.343500018119812
2019-05-28,1.3437999486923218
2019-05-29,1.3487499952316284
2019-05-30,1.351199984550476
2019-05-31,1.352489948272705
2019-06-03,1.352020025253296
2019-06-04,1.3441499471664429
2019-06-05,1.3390400409698486
2019-06-06,1.3420000076293945
2019-06-07,1.3353999853134155
2019-06-10,1.326889991760254
2019-06-11,1.3265199661254883
2019-06-12,1.3280199766159058
2019-06-13,1.333299994468689
2019-06-14,1.3327300548553467
2019-06-17,1.34089994430542
2019-06-18,1.340999960899353
2019-06-19,1.337399959564209
2019-06-20,1.3269699811935425
2019-06-21,1.318310022354126
2019-06-24,1.320039987564087
2019-06-25,1.3180999755859375
2019-06-26,1.3178399801254272
2019-06-27,1.3121000528335571
2019-06-28,1.3094300031661987
2019-07-01,1.3090399503707886
2019-07-02,1.3131999969482422
2019-07-03,1.3095999956130981
2019-07-04,1.305709958076477
2019-07-05,1.3048399686813354
2019-07-08,1.3075599670410156
2019-07-09,1.3102099895477295
2019-07-10,1.3125
2019-07-11,1.3072999715805054
2019-07-12,1.3067500591278076
2019-07-15,1.3033000230789185
2019-07-16,1.3047499656677246
2019-07-17,1.308650016784668
2019-07-18,1.305299997329712
2019-07-19,1.3035600185394287
2019-07-22,1.3051999807357788
2019-07-23,1.312600016593933
2019-07-24,1.3139100074768066
2019-07-25,1.3142800331115723
2019-07-26,1.3157999515533447
2019-07-29,1.3169000148773193
2019-07-30,1.316349983215332
2019-07-31,1.3147599697113037
2019-08-01,1.3193000555038452
2019-08-02,1.3213900327682495
2019-08-05,1.320289969444275
2019-08-06,1.3214099407196045
2019-08-07,1.328029990196228
2019-08-08,1.3311500549316406
2019-08-09,1.3228000402450562
2019-08-12,1.3217400312423706
2019-08-13,1.3236199617385864
2019-08-14,1.3212000131607056
2019-08-15,1.3309999704360962
2019-08-16,1.3316899538040161
2019-08-19,1.3266899585723877
2019-08-20,1.3327800035476685
2019-08-21,1.3315000534057617
2019-08-22,1.3286000490188599
2019-08-23,1.3295300006866455
2019-08-26,1.3313000202178955
2019-08-27,1.325219988822937
2019-08-28,1.3285200595855713
2019-08-29,1.3307000398635864
2019-08-30,1.3280999660491943
2019-09-02,1.3316999673843384
2019-09-03,1.333299994468689
2019-09-04,1.3338299989700317
2019-09-05,1.3225300312042236
2019-09-06,1.3229000568389893
2019-09-09,1.3167999982833862
2019-09-10,1.316890001296997
2019-09-11,1.3145699501037598
2019-09-12,1.3184499740600586
2019-09-13,1.3211499452590942
2019-09-16,1.3213000297546387
2019-09-17,1.324079990386963
2019-09-18,1.3238999843597412
2019-09-19,1.3293999433517456
2019-09-20,1.3257299661636353
2019-09-23,1.3265999555587769
2019-09-24,1.326069951057434
2019-09-25,1.3240599632263184
2019-09-26,1.325700044631958
2019-09-27,1.326799988746643
2019-09-30,1.3235000371932983
2019-10-01,1.3242000341415405
2019-10-02,1.3216999769210815
2019-10-03,1.3328299522399902
2019-10-04,1.3336700201034546
2019-10-07,1.3306299448013306
2019-10-08,1.33024001121521
2019-10-09,1.3321399688720703
2019-10-10,1.3335000276565552
2019-10-11,1.3285900354385376
2019-10-14,1.3199000358581543
2019-10-15,1.3223999738693237
2019-10-16,1.320199966430664
2019-10-17,1.3200000524520874
2019-10-18,1.31358003616333
2019-10-21,1.3131999969482422
2019-10-22,1.3086600303649902
2019-10-23,1.309399962425232
2019-10-24,1.3072999715805054
2019-10-25,1.3070600032806396
2019-10-28,1.3063000440597534
2019-10-29,1.3055599927902222
2019-10-30,1.308899998664856
2019-10-31,1.316540002822876
2019-11-01,1.3167500495910645
2019-11-04,1.3140000104904175
2019-11-05,1.3151600360870361
2019-11-06,1.3150999546051025
2019-11-07,1.318560004234314
2019-11-08,1.3227100372314453
2019-11-11,1.3225200176239014
2019-11-12,1.323199987411499
2019-11-13,1.3236700296401978
2019-11-14,1.3251899480819702
2019-11-15,1.3249800205230713
2019-11-18,1.3222399950027466
2019-11-19,1.320680022239685
2019-11-20,1.3271299600601196
2019-11-21,1.330199956893921
2019-11-22,1.3278000354766846
2019-11-25,1.3295700550079346
2019-11-26,1.3303099870681763
2019-11-27,1.3269000053405762
2019-11-28,1.3285599946975708
2019-11-29,1.327970027923584
2019-12-02,1.3283900022506714
2019-12-03,1.330299973487854
2019-12-04,1.3291900157928467
2019-12-05,1.3192700147628784
2019-12-06,1.3176000118255615
2019-12-09,1.3249800205230713
2019-12-10,1.3237099647521973
2019-12-11,1.323099970817566
2019-12-12,1.317270040512085
2019-12-13,1.315269947052002
2019-12-16,1.3183399438858032
2019-12-17,1.3163000345230103
2019-12-18,1.3159199953079224
2019-12-19,1.3113900423049927
2019-12-20,1.3122999668121338
2019-12-23,1.3146400451660156
2019-12-24,1.3148200511932373
2019-12-25,1.3164000511169434
2019-12-26,1.315500020980835
2019-12-27,1.3107999563217163
2019-12-30,1.3073400259017944
2019-12-31,1.3060599565505981
2020-01-01,1.3001999855041504
2020-01-02,1.2972999811172485
2020-01-03,1.29830002784729
2020-01-06,1.2986600399017334
2020-01-07,1.2963900566101074
2020-01-08,1.3003100156784058
2020-01-09,1.3036500215530396
2020-01-10,1.306249976158142
2020-01-13,1.3065400123596191
2020-01-14,1.3055599927902222
2020-01-15,1.3065500259399414
2020-01-16,1.3037999868392944
2020-01-17,1.3039000034332275
2020-01-20,1.3063600063323975
2020-01-21,1.3045400381088257
2020-01-22,1.3073500394821167
2020-01-23,1.3138999938964844
2020-01-24,1.3127000331878662
2020-01-27,1.3158999681472778
2020-01-28,1.3187700510025024
2020-01-29,1.3164000511169434
2020-01-30,1.319700002670288
2020-01-31,1.3211300373077393
2020-02-03,1.3240400552749634
2020-02-04,1.3293999433517456
2020-02-05,1.3282400369644165
2020-02-06,1.3284300565719604
2020-02-07,1.3284000158309937
2020-02-10,1.3309600353240967
2020-02-11,1.3316999673843384
2020-02-12,1.3290400505065918
2020-02-13,1.3256100416183472
2020-02-14,1.326390027999878
2020-02-17,1.3245199918746948
2020-02-18,1.3235000371932983
2020-02-19,1.325369954109192
2020-02-20,1.3220399618148804
2020-02-21,1.3259799480438232
2020-02-24,1.3252999782562256
2020-02-25,1.3287400007247925
2020-02-26,1.3279199600219727
2020-02-27,1.334529995918274
2020-02-28,1.3386199474334717
2020-03-02,1.3407100439071655
2020-03-03,1.332509994506836
2020-03-04,1.3377599716186523
2020-03-05,1.3384599685668945
2020-03-06,1.3393800258636475
2020-03-09,1.362220048904419
2020-03-10,1.3658000230789185
2020-03-11,1.3731800317764282
2020-03-12,1.3773000240325928
2020-03-13,1.394279956817627
2020-03-16,1.3797800540924072
2020-03-17,1.4010599851608276
2020-03-18,1.4239200353622437
2020-03-19,1.4444999694824219
2020-03-20,1.4498200416564941
2020-03-23,1.4459400177001953
2020-03-24,1.4476900100708008
2020-03-25,1.4438999891281128
2020-03-26,1.4217100143432617
2020-03-27,1.4037400484085083
2020-03-30,1.4046900272369385
2020-03-31,1.417870044708252
2020-04-01,1.4077999591827393
2020-04-02,1.4151400327682495
2020-04-03,1.4129300117492676
2020-04-06,1.4251999855041504
2020-04-07,1.4112299680709839
2020-04-08,1.4013999700546265
2020-04-09,1.40038001537323
2020-04-10,1.39860999584198
2020-04-13,1.39683997631073
2020-04-14,1.3873100280761719
2020-04-15,1.3880900144577026
2020-04-16,1.411910057067871
2020-04-17,1.4039499759674072
2020-04-20,1.4048000574111938
2020-04-21,1.4129199981689453
2020-04-22,1.4189000129699707
2020-04-23,1.4183800220489502
2020-04-24,1.406499981880188
2020-04-27,1.4107999801635742
2020-04-28,1.4036200046539307
2020-04-29,1.398300051689148
2020-04-30,1.38742995262146
2020-05-01,1.3952900171279907
2020-05-04,1.4134999513626099
2020-05-05,1.408370018005371
2020-05-06,1.4042199850082397
2020-05-07,1.416290044784546
2020-05-08,1.3969500064849854
2020-05-11,1.3924100399017334
2020-05-12,1.4018000364303589
2020-05-13,1.4080899953842163
2020-05-14,1.4089000225067139
2020-05-15,1.4033000469207764
2020-05-18,1.40910005569458
2020-05-19,1.3939000368118286
2020-05-20,1.3938000202178955
2020-05-21,1.3904500007629395
2020-05-22,1.394700050354004
2020-05-25,1.3985899686813354
2020-05-26,1.3971799612045288
2020-05-27,1.378250002861023
2020-05-28,1.375480055809021
2020-05-29,1.3774000406265259
2020-06-01,1.3777999877929688
2020-06-02,1.3582500219345093
2020-06-03,1.3509999513626099
2020-06-04,1.3493800163269043
2020-06-05,1.350160002708435
2020-06-08,1.3392800092697144
2020-06-09,1.3367999792099
2020-06-10,1.3422000408172607
2020-06-11,1.3428399562835693
2020-06-12,1.3637900352478027
2020-06-15,1.3637100458145142
2020-06-16,1.3533899784088135
2020-06-17,1.353350043296814
2020-06-18,1.3575799465179443
2020-06-19,1.3592400550842285
2020-06-22,1.3617000579833984
2020-06-23,1.3501800298690796
2020-06-24,1.3542200326919556
2020-06-25,1.3643800020217896
2020-06-26,1.3634999990463257
2020-06-29,1.3678300380706787
2020-06-30,1.3656599521636963
2020-07-01,1.3574199676513672
2020-07-02,1.3590999841690063
2020-07-03,1.356969952583313
2020-07-06,1.3549100160598755
2020-07-07,1.3538899421691895
2020-07-08,1.3603999614715576
2020-07-09,1.3517199754714966
2020-07-10,1.3580000400543213
2020-07-13,1.3597999811172485
2020-07-14,1.3610399961471558
2020-07-15,1.3599400520324707
2020-07-16,1.3506900072097778
2020-07-17,1.3568899631500244
2020-07-20,1.3574800491333008
2020-07-21,1.352489948272705
2020-07-22,1.3447799682617188
2020-07-23,1.3417199850082397
2020-07-24,1.3403799533843994
2020-07-27,1.3416800498962402
2020-07-28,1.3338899612426758
2020-07-29,1.3379600048065186
2020-07-30,1.3342000246047974
2020-07-31,1.3412799835205078
2020-08-03,1.3397200107574463
2020-08-04,1.339400053024292
2020-08-05,1.3295799493789673
2020-08-06,1.3264800310134888
2020-08-07,1.3318400382995605
2020-08-10,1.3386800289154053
2020-08-11,1.3353999853134155
2020-08-12,1.3310500383377075
2020-08-13,1.3243600130081177
2020-08-14,1.3219599723815918
2020-08-17,1.3252400159835815
2020-08-18,1.3221800327301025
2020-08-19,1.3152300119400024
2020-08-20,1.32122004032135
2020-08-21,1.3172399997711182
2020-08-24,1.3179899454116821
2020-08-25,1.3217600584030151
2020-08-26,1.3163000345230103
2020-08-27,1.3137999773025513
2020-08-28,1.3121600151062012
2020-08-31,1.3080300092697144
2020-09-01,1.3035000562667847
2020-09-02,1.305299997329712
2020-09-03,1.304460048675537
2020-09-04,1.3139699697494507
2020-09-07,1.307569980621338
2020-09-08,1.3095799684524536
2020-09-09,1.3239099979400635
2020-09-10,1.315250039100647
2020-09-11,1.3189500570297241
2020-09-14,1.318120002746582
2020-09-15,1.3176699876785278
2020-09-16,1.3192800283432007
2020-09-17,1.3181500434875488
2020-09-18,1.315019965171814
2020-09-21,1.3197200298309326
2020-09-22,1.3300000429153442
2020-09-23,1.329699993133545
2020-09-24,1.3383500576019287
2020-09-25,1.3351399898529053
2020-09-28,1.33788001537323
2020-09-29,1.3356800079345703
2020-09-30,1.338379979133606
2020-10-01,1.330530047416687
2020-10-02,1.3284000158309937
2020-10-05,1.3291000127792358
2020-10-06,1.325700044631958
2020-10-07,1.332129955291748
2020-10-08,1.3257800340652466
2020-10-09,1.3192100524902344
2020-10-12,1.312999963760376
2020-10-13,1.3112499713897705
2020-10-14,1.3141800165176392
2020-10-15,1.3148599863052368
2020-10-16,1.322510004043579
2020-10-19,1.317929983139038
2020-10-20,1.318969964981079
2020-10-21,1.3120499849319458
2020-10-22,1.3153200149536133
2020-10-23,1.313670039176941
2020-10-26,1.3147200345993042
2020-10-27,1.3206100463867188
2020-10-28,1.3191800117492676
2020-10-29,1.3310500383377075
2020-10-30,1.331529974937439
2020-11-02,1.3367899656295776
2020-11-03,1.3220499753952026
2020-11-04,1.3102099895477295
2020-11-05,1.3126399517059326
2020-11-06,1.308210015296936
2020-11-09,1.3022300004959106
2020-11-10,1.3007099628448486
2020-11-11,1.3030999898910522
2020-11-12,1.3058199882507324
2020-11-13,1.313599944114685
2020-11-16,1.3123600482940674
2020-11-17,1.3075300455093384
2020-11-18,1.3105000257492065
2020-11-19,1.308419942855835
2020-11-20,1.3085700273513794
2020-11-23,1.3082200288772583
2020-11-24,1.3074400424957275
2020-11-25,1.2996400594711304
2020-11-26,1.3001999855041504
2020-11-27,1.3020399808883667
2020-11-30,1.298259973526001
2020-12-01,1.2992000579833984
2020-12-02,1.2933000326156616
2020-12-03,1.2917200326919556
2020-12-04,1.286460041999817
2020-12-07,1.277959942817688
2020-12-08,1.2802000045776367
2020-12-09,1.2816200256347656
2020-12-10,1.282439947128296
2020-12-11,1.2739200592041016
2020-12-14,1.2750600576400757
2020-12-15,1.2760299444198608
2020-12-16,1.2699600458145142
2020-12-17,1.2747000455856323
2020-12-18,1.2731000185012817
2020-12-21,1.281059980392456
2020-12-22,1.2853200435638428
2020-12-23,1.289330005645752
2020-12-24,1.2845499515533447
2020-12-25,1.2848199605941772
2020-12-28,1.283959984779358
2020-12-29,1.284000039100647
2020-12-30,1.2822099924087524
2020-12-31,1.2750699520111084
2021-01-01,1.2349900007247925
2021-01-04,1.2722100019454956
2021-01-05,1.2781000137329102
2021-01-06,1.2674700021743774
2021-01-07,1.2665400505065918
2021-01-08,1.268380045890808
2021-01-11,1.2730799913406372
2021-01-12,1.2771400213241577
2021-01-13,1.2707699537277222
2021-01-14,1.2698099613189697
2021-01-15,1.2647700309753418
2021-01-18,1.2764699459075928
2021-01-19,1.2747999429702759
2021-01-20,1.2722699642181396
2021-01-21,1.2625999450683594
2021-01-22,1.2646700143814087
2021-01-25,1.2722899913787842
2021-01-26,1.2737499475479126
2021-01-27,1.2693899869918823
2021-01-28,1.281599998474121
2021-01-29,1.2830899953842163
2021-02-01,1.2802200317382812
2021-02-02,1.284600019454956
2021-02-03,1.2785099744796753
2021-02-04,1.27839994430542
2021-02-05,1.282289981842041
2021-02-08,1.2758400440216064
2021-02-09,1.2737699747085571
2021-02-10,1.2697099447250366
2021-02-11,1.2696000337600708
2021-02-12,1.2700599431991577
2021-02-15,1.2687900066375732
2021-02-16,1.2635600566864014
2021-02-17,1.270900011062622
2021-02-18,1.2699899673461914
2021-02-19,1.268090009689331
2021-02-22,1.2598700523376465
2021-02-23,1.2609000205993652
2021-02-24,1.2592600584030151
2021-02-25,1.2510000467300415
2021-02-26,1.260990023612976
2021-03-01,1.2696000337600708
2021-03-02,1.2641500234603882
2021-03-03,1.2635600566864014
2021-03-04,1.2670700550079346
2021-03-05,1.2677899599075317
2021-03-08,1.2631900310516357
2021-03-09,1.2657899856567383
2021-03-10,1.2643100023269653
2021-03-11,1.2620099782943726
2021-03-12,1.2531399726867676
2021-03-15,1.2469300031661987
2021-03-16,1.2475500106811523
2021-03-17,1.2442699670791626
2021-03-18,1.2389999628067017
2021-03-19,1.2490899562835693
2021-03-22,1.2522900104522705
2021-03-23,1.252079963684082
2021-03-24,1.2590099573135376
2021-03-25,1.2576700448989868
2021-03-26,1.2601799964904785
2021-03-29,1.2584199905395508
2021-03-30,1.2590399980545044
2021-03-31,1.2620799541473389
2021-04-01,1.2564300298690796
2021-04-02,1.2546000480651855
2021-04-05,1.2563999891281128
2021-04-06,1.252020001411438
2021-04-07,1.257140040397644
2021-04-08,1.2612700462341309
2021-04-09,1.2562199831008911
2021-04-12,1.2530800104141235
2021-04-13,1.2559000253677368
2021-04-14,1.2537100315093994
2021-04-15,1.2517000436782837
2021-04-16,1.2543699741363525
2021-04-19,1.2517600059509277
2021-04-20,1.2521699666976929
2021-04-21,1.2611500024795532
2021-04-22,1.2503700256347656
2021-04-23,1.250290036201477
2021-04-26,1.2487599849700928
2021-04-27,1.2395999431610107
2021-04-28,1.2406200170516968
2021-04-29,1.2302900552749634
2021-04-30,1.227620005607605
2021-05-03,1.227910041809082
2021-05-04,1.2280100584030151
2021-05-05,1.2300200462341309
2021-05-06,1.2267099618911743
2021-05-07,1.215399980545044
2021-05-10,1.211400032043457
2021-05-11,1.2093700170516968
2021-05-12,1.2096400260925293
2021-05-13,1.2120599746704102
2021-05-14,1.2168300151824951
2021-05-17,1.2110999822616577
2021-05-18,1.2061500549316406
2021-05-19,1.2072700262069702
2021-05-20,1.213230013847351
2021-05-21,1.2062499523162842
2021-05-24,1.2066999673843384
2021-05-25,1.2049800157546997
2021-05-26,1.2064000368118286
2021-05-27,1.2130099534988403
2021-05-28,1.2070200443267822
2021-05-31,1.2077800035476685
2021-06-01,1.2060699462890625
2021-06-02,1.2069000005722046
2021-06-03,1.2037999629974365
2021-06-04,1.2107000350952148
2021-06-07,1.2075799703598022
2021-06-08,1.2086700201034546
2021-06-09,1.2111400365829468
2021-06-10,1.211459994316101
2021-06-11,1.2093000411987305
2021-06-14,1.2158000469207764
2021-06-15,1.2141000032424927
2021-06-16,1.218559980392456
2021-06-17,1.2278000116348267
2021-06-18,1.2345199584960938
2021-06-21,1.2449899911880493
2021-06-22,1.2369999885559082
2021-06-23,1.2309999465942383
2021-06-24,1.230329990386963
2021-06-25,1.2322299480438232
2021-06-28,1.2291899919509888
2021-06-29,1.2333999872207642
2021-06-30,1.2396199703216553
2021-07-01,1.2392699718475342
2021-07-02,1.244070053100586
2021-07-05,1.2330000400543213
2021-07-06,1.233989953994751
2021-07-07,1.2458100318908691
2021-07-08,1.248170018196106
2021-07-09,1.2527999877929688
2021-07-12,1.2446999549865723
2021-07-13,1.245519995689392
2021-07-14,1.2520999908447266
2021-07-15,1.2515499591827393
2021-07-16,1.2589000463485718
2021-07-19,1.2616900205612183
2021-07-20,1.2746000289916992
2021-07-21,1.2675100564956665
2021-07-22,1.256890058517456
2021-07-23,1.2563999891281128
2021-07-26,1.2567499876022339
2021-07-27,1.253999948501587
2021-07-28,1.259119987487793
2021-07-29,1.2519700527191162
2021-07-30,1.2449300289154053
2021-08-02,1.2466700077056885
2021-08-03,1.2501100301742554
2021-08-04,1.2533299922943115
2021-08-05,1.2545000314712524
2021-08-06,1.2501300573349
2021-08-09,1.2570899724960327
2021-08-10,1.2573800086975098
2021-08-11,1.2518999576568604
2021-08-12,1.2506799697875977
2021-08-13,1.2519999742507935
2021-08-16,1.2516000270843506
2021-08-17,1.2569600343704224
2021-08-18,1.2626500129699707
2021-08-19,1.2663099765777588
2021-08-20,1.2831300497055054
2021-08-23,1.2826000452041626
2021-08-24,1.2651000022888184
2021-08-25,1.259600043296814
2021-08-26,1.258870005607605
2021-08-27,1.268489956855774
2021-08-30,1.2611000537872314
2021-08-31,1.260890007019043
2021-09-01,1.2616100311279297
2021-09-02,1.2621699571609497
2021-09-03,1.25518000125885
2021-09-06,1.2530299425125122
2021-09-07,1.2534300088882446
2021-09-08,1.264639973640442
2021-09-09,1.2694000005722046
2021-09-10,1.266260027885437
2021-09-13,1.2679500579833984
2021-09-14,1.264799952507019
2021-09-15,1.2690000534057617
2021-09-16,1.2618099451065063
2021-09-17,1.268149971961975
2021-09-20,1.2763999700546265
2021-09-21,1.2802400588989258
2021-09-22,1.282080054283142
2021-09-23,1.2785899639129639
2021-09-24,1.2661999464035034
2021-09-27,1.2649400234222412
2021-09-28,1.262619972229004
2021-09-29,1.267699956893921
2021-09-30,1.27538001537323
2021-10-01,1.268399953842163
2021-10-04,1.2625000476837158
2021-10-05,1.2589800357818604
2021-10-06,1.258270025253296
2021-10-07,1.258620023727417
2021-10-08,1.254699945449829
2021-10-11,1.2484099864959717
2021-10-12,1.248039960861206
2021-10-13,1.2476099729537964
2021-10-14,1.2436800003051758
2021-10-15,1.2374600172042847
2021-10-18,1.2373700141906738
2021-10-19,1.237220048904419
2021-10-20,1.2353999614715576
2021-10-21,1.2324399948120117
2021-10-22,1.237030029296875
2021-10-25,1.237130045890808
2021-10-26,1.2379000186920166
2021-10-27,1.2391400337219238
2021-10-28,1.2369699478149414
2021-10-29,1.2346099615097046
2021-11-01,1.2382899522781372
2021-11-02,1.2373900413513184
2021-11-03,1.2408000230789185
2021-11-04,1.237779974937439
2021-11-05,1.2451000213623047
2021-11-08,1.2450799942016602
2021-11-09,1.2442200183868408
2021-11-10,1.2436000108718872
2021-11-11,1.2486499547958374
2021-11-12,1.2588499784469604
2021-11-15,1.2545299530029297
2021-11-16,1.2513999938964844
2021-11-17,1.2565699815750122
2021-11-18,1.2611199617385864
2021-11-19,1.260349988937378
2021-11-22,1.2653499841690063
2021-11-23,1.2701300382614136
2021-11-24,1.267590045928955
2021-11-25,1.2661700248718262
2021-11-26,1.2663700580596924
2021-11-29,1.2724800109863281
2021-11-30,1.273800015449524
2021-12-01,1.2774300575256348
2021-12-02,1.2810900211334229
2021-12-03,1.2817699909210205
2021-12-06,1.2817000150680542
2021-12-07,1.2762000560760498
2021-12-08,1.2645800113677979
2021-12-09,1.265220046043396
2021-12-10,1.270840048789978
2021-12-13,1.2719899415969849
2021-12-14,1.2807600498199463
2021-12-15,1.2867100238800049
2021-12-16,1.2836500406265259
2021-12-17,1.2779699563980103
2021-12-20,1.2898499965667725
2021-12-21,1.2935999631881714
2021-12-22,1.2922999858856201
2021-12-23,1.2851200103759766
2021-12-24,1.2823899984359741
2021-12-27,1.2813999652862549
2021-12-28,1.2786999940872192
2021-12-29,1.2812999486923218
2021-12-30,1.2782599925994873
2021-12-31,1.274440050125122
2022-01-03,1.2658799886703491
2022-01-04,1.275130033493042
2022-01-05,1.2704399824142456
2022-01-06,1.2760100364685059
2022-01-07,1.2730200290679932
2022-01-10,1.2646900415420532
2022-01-11,1.2664999961853027
2022-01-12,1.2577500343322754
2022-01-13,1.2501599788665771
2022-01-14,1.2507799863815308
2022-01-17,1.2542200088500977
2022-01-18,1.2515699863433838
2022-01-19,1.249750018119812
2022-01-20,1.2510900497436523
2022-01-21,1.2500300407409668
2022-01-24,1.256100058555603
2022-01-25,1.2625499963760376
2022-01-26,1.2615900039672852
2022-01-27,1.2658499479293823
2022-01-28,1.2745699882507324
2022-01-31,1.2759100198745728
2022-02-01,1.2717399597167969
2022-02-02,1.2689599990844727
2022-02-03,1.2686400413513184
2022-02-04,1.2678500413894653
2022-02-07,1.274530053138733
2022-02-08,1.2665599584579468
2022-02-09,1.2705399990081787
2022-02-10,1.26760995388031
2022-02-11,1.2732000350952148
2022-02-14,1.2723499536514282
2022-02-15,1.272860050201416
2022-02-16,1.2723699808120728
2022-02-17,1.2695399522781372
2022-02-18,1.2704800367355347
2022-02-21,1.2756600379943848
2022-02-22,1.2755999565124512
2022-02-23,1.276710033416748
2022-02-24,1.2733900547027588
2022-02-25,1.2809499502182007
2022-02-28,1.2755199670791626
2022-03-01,1.2666499614715576
2022-03-02,1.2723499536514282
2022-03-03,1.2646100521087646
2022-03-04,1.2670300006866455
2022-03-07,1.2714099884033203
2022-03-08,1.2801400423049927
2022-03-09,1.2889000177383423
2022-03-10,1.2798500061035156
2022-03-11,1.275589942932129
2022-03-14,1.2735400199890137
2022-03-15,1.2821099758148193
2022-03-16,1.2768800258636475
2022-03-17,1.2686799764633179
2022-03-18,1.263159990310669
2022-03-21,1.2605799436569214
2022-03-22,1.2588000297546387
2022-03-23,1.2582800388336182
2022-03-24,1.2559200525283813
2022-03-25,1.2520400285720825
2022-03-28,1.248710036277771
2022-03-29,1.2518199682235718
2022-03-30,1.2497899532318115
2022-03-31,1.24822998046875
2022-04-01,1.2498500347137451
2022-04-04,1.2526500225067139
2022-04-05,1.2486200332641602
2022-04-06,1.2484400272369385
2022-04-07,1.2563799619674683
2022-04-08,1.2586699724197388
2022-04-11,1.257599949836731
2022-04-12,1.264009952545166
2022-04-13,1.2634400129318237
2022-04-14,1.2566200494766235
2022-04-15,1.2603000402450562
2022-04-18,1.2615000009536743
2022-04-19,1.2600200176239014
2022-04-20,1.2603700160980225
2022-04-21,1.2486200332641602
2022-04-22,1.2589099407196045
2022-04-25,1.2720999717712402
2022-04-26,1.2735600471496582
2022-04-27,1.2806099653244019
2022-04-28,1.2813999652862549
2022-04-29,1.280460000038147
2022-05-02,1.2853000164031982
2022-05-03,1.2874000072479248
2022-05-04,1.2833800315856934
2022-05-05,1.2737200260162354
2022-05-06,1.2826999425888062
2022-05-09,1.2918200492858887
2022-05-10,1.3008400201797485
2022-05-11,1.3031200170516968
2022-05-12,1.2994400262832642
2022-05-13,1.3023099899291992
2022-05-16,1.2906999588012695
2022-05-17,1.284999966621399
2022-05-18,1.280809998512268
2022-05-19,1.2884199619293213
2022-05-20,1.2819600105285645
2022-05-23,1.2812000513076782
2022-05-24,1.2787100076675415
2022-05-25,1.2822400331497192
2022-05-26,1.2820199728012085
2022-05-27,1.2773000001907349
2022-05-30,1.2723699808120728
2022-05-31,1.2655199766159058
2022-06-01,1.2639000415802002
2022-06-02,1.2665300369262695
2022-06-03,1.2569799423217773
2022-06-06,1.258489966392517
2022-06-07,1.2580000162124634
2022-06-08,1.253659963607788
2022-06-09,1.2552000284194946
2022-06-10,1.2702699899673462
2022-06-13,1.2797600030899048
2022-06-14,1.2890000343322754
2022-06-15,1.2944799661636353
2022-06-16,1.2873400449752808
2022-06-17,1.2953799962997437
2022-06-20,1.3000500202178955
2022-06-21,1.2981799840927124
2022-06-22,1.2931900024414062
2022-06-23,1.2963800430297852
2022-06-24,1.2987099885940552
2022-06-27,1.2897100448608398
2022-06-28,1.2869000434875488
2022-06-29,1.2872999906539917
2022-06-30,1.2883299589157104
2022-07-01,1.287369966506958
2022-07-04,1.288599967956543
2022-07-05,1.285730004310608
2022-07-06,1.3034800291061401
2022-07-07,1.3034000396728516
2022-07-08,1.2965999841690063
2022-07-11,1.294700026512146
2022-07-12,1.2994799613952637
2022-07-13,1.303130030632019
2022-07-14,1.300089955329895
2022-07-15,1.3107999563217163
2022-07-18,1.3009400367736816
2022-07-19,1.2981300354003906
2022-07-20,1.2870899438858032
2022-07-21,1.2883000373840332
2022-07-22,1.2877999544143677
2022-07-25,1.2924599647521973
2022-07-26,1.2850699424743652
2022-07-27,1.287369966506958
2022-07-28,1.2817100286483765
2022-07-29,1.2806999683380127
2022-08-01,1.281559944152832
2022-08-02,1.284309983253479
2022-08-03,1.288789987564087
2022-08-04,1.2853599786758423
2022-08-05,1.287019968032837
2022-08-08,1.294450044631958
2022-08-09,1.2856999635696411
2022-08-10,1.2885899543762207
2022-08-11,1.277400016784668
2022-08-12,1.2762900590896606
2022-08-15,1.2779500484466553
2022-08-16,1.2903599739074707
2022-08-17,1.284540057182312
2022-08-18,1.2917799949645996
2022-08-19,1.2947100400924683
2022-08-22,1.300029993057251
2022-08-23,1.3048100471496582
2022-08-24,1.295799970626831
2022-08-25,1.297029972076416
2022-08-26,1.2937599420547485
2022-08-29,1.306130051612854
2022-08-30,1.300130009651184
2022-08-31,1.3089499473571777
2022-09-01,1.3141200542449951
2022-09-02,1.3144999742507935
2022-09-05,1.31427001953125
2022-09-06,1.3128999471664429
2022-09-07,1.3153799772262573
2022-09-08,1.3129899501800537
2022-09-09,1.3080799579620361
2022-09-12,1.302299976348877
2022-09-13,1.2979899644851685
2022-09-14,1.3162599802017212
2022-09-15,1.3160500526428223
2022-09-16,1.3246999979019165
2022-09-19,1.325819969177246
2022-09-20,1.3243399858474731
2022-09-21,1.336300015449524
2022-09-22,1.3478699922561646
2022-09-23,1.3471100330352783
2022-09-26,1.3580800294876099
2022-09-27,1.3710600137710571
2022-09-28,1.372249960899353
2022-09-29,1.3627899885177612
2022-09-30,1.3674499988555908
2022-10-03,1.378730058670044
2022-10-04,1.3628100156784058
2022-10-05,1.350540041923523
2022-10-06,1.359779953956604
2022-10-07,1.3740999698638916
2022-10-10,1.3732099533081055
2022-10-11,1.377500057220459
2022-10-12,1.3791500329971313
2022-10-13,1.3815699815750122
2022-10-14,1.3760099411010742
2022-10-17,1.3854999542236328
2022-10-18,1.3712899684906006
2022-10-19,1.3726199865341187
2022-10-20,1.3772799968719482
2022-10-21,1.3777300119400024
2022-10-24,1.3646199703216553
2022-10-25,1.3695199489593506
2022-10-26,1.3616700172424316
2022-10-27,1.3552000522613525
2022-10-28,1.3564499616622925
2022-10-31,1.3608100414276123
2022-11-01,1.3610700368881226
2022-11-02,1.361799955368042
2022-11-03,1.3715200424194336
2022-11-04,1.3742400407791138
2022-11-07,1.3512500524520874
2022-11-08,1.3493499755859375
2022-11-09,1.341539978981018
2022-11-10,1.3526500463485718
2022-11-11,1.333150029182434
2022-11-14,1.3253999948501587
2022-11-15,1.3324700593948364
2022-11-16,1.3273500204086304
2022-11-17,1.333549976348877
2022-11-18,1.3321399688720703
2022-11-21,1.337689995765686
2022-11-22,1.3446300029754639
2022-11-23,1.3362499475479126
2022-11-24,1.3343600034713745
2022-11-25,1.3336600065231323
2022-11-28,1.3409600257873535
2022-11-29,1.3489899635314941
2022-11-30,1.3583600521087646
2022-12-01,1.3411999940872192
2022-12-02,1.3435499668121338
2022-12-05,1.3444000482559204
2022-12-06,1.3588000535964966
2022-12-07,1.3649400472640991
2022-12-08,1.36489999294281
2022-12-09,1.3597700595855713
2022-12-12,1.365530014038086
2022-12-13,1.363029956817627
2022-12-14,1.3555400371551514
2022-12-15,1.3550200462341309
2022-12-16,1.365820050239563
2022-12-19,1.3688600063323975
2022-12-20,1.364300012588501
2022-12-21,1.3599400520324707
2022-12-22,1.3612699508666992
2022-12-23,1.3636800050735474
2022-12-26,1.358970046043396
2022-12-27,1.3557000160217285
2022-12-28,1.3524999618530273
2022-12-29,1.3599400520324707
2022-12-30,1.3552000522613525
2023-01-02,1.352810025215149
2023-01-03,1.3559000492095947
2023-01-04,1.3674099445343018
2023-01-05,1.3485100269317627
2023-01-06,1.3559900522232056
2023-01-09,1.3435200452804565
2023-01-10,1.3393700122833252
2023-01-11,1.3432899713516235
2023-01-12,1.343000054359436
2023-01-13,1.3375999927520752
2023-01-16,1.3396199941635132
2023-01-17,1.3397799730300903
2023-01-18,1.3389999866485596
2023-01-19,1.3495800495147705
2023-01-20,1.3463799953460693
2023-01-23,1.3371000289916992
2023-01-24,1.3370100259780884
2023-01-25,1.3374799489974976
2023-01-26,1.3380199670791626
2023-01-27,1.3316099643707275
2023-01-30,1.3303200006484985
2023-01-31,1.338379979133606
2023-02-01,1.3306000232696533
2023-02-02,1.3274999856948853
2023-02-03,1.3316600322723389
2023-02-06,1.3399699926376343
2023-02-07,1.344099998474121
2023-02-08,1.3390100002288818
2023-02-09,1.344499945640564
2023-02-10,1.3448699712753296
2023-02-13,1.3357399702072144
2023-02-14,1.3333100080490112
2023-02-15,1.3340599536895752
2023-02-16,1.3390599489212036
2023-02-17,1.3473000526428223
2023-02-20,1.3481999635696411
2023-02-21,1.3452999591827393
2023-02-22,1.3534899950027466
2023-02-23,1.3545399904251099
2023-02-24,1.3543200492858887
2023-02-27,1.3593699932098389
2023-02-28,1.3573999404907227
2023-03-01,1.3645199537277222
2023-03-02,1.3589600324630737
2023-03-03,1.3594800233840942
2023-03-06,1.3602999448776245
2023-03-07,1.3616199493408203
2023-03-08,1.3747999668121338
2023-03-09,1.3799400329589844
2023-03-10,1.3831000328063965
2023-03-13,1.3763799667358398
2023-03-14,1.373520016670227
2023-03-15,1.3688900470733643
2023-03-16,1.3764899969100952
2023-03-17,1.3719099760055542
2023-03-20,1.3709800243377686
2023-03-21,1.3671000003814697
2023-03-22,1.3708800077438354
2023-03-23,1.3716700077056885
2023-03-24,1.3717000484466553
2023-03-27,1.3727400302886963
2023-03-28,1.3654099702835083
2023-03-29,1.3593300580978394
2023-03-30,1.3563100099563599
2023-03-31,1.3521900177001953
2023-04-03,1.3501800298690796
2023-04-04,1.343369960784912
2023-04-05,1.3437999486923218
2023-04-06,1.3454300165176392
2023-04-07,1.3494999408721924
2023-04-10,1.3503999710083008
2023-04-11,1.3503400087356567
2023-04-12,1.346250057220459
2023-04-13,1.343999981880188
2023-04-14,1.3339999914169312
2023-04-17,1.3365000486373901
2023-04-18,1.3392000198364258
2023-04-19,1.3390899896621704
2023-04-20,1.3467999696731567
2023-04-21,1.348080039024353
2023-04-24,1.3538399934768677
2023-04-25,1.353369951248169
2023-04-26,1.361840009689331
2023-04-27,1.363070011138916
2023-04-28,1.359969973564148
2023-05-01,1.3559099435806274
2023-05-02,1.3552000522613525
2023-05-03,1.3619500398635864
2023-05-04,1.3631900548934937
2023-05-05,1.3523000478744507
2023-05-08,1.3380000591278076
2023-05-09,1.3372399806976318
2023-05-10,1.337499976158142
2023-05-11,1.3372100591659546
2023-05-12,1.3493000268936157
2023-05-15,1.3553999662399292
2023-05-16,1.346500039100647
2023-05-17,1.3477200269699097
2023-05-18,1.3466700315475464
2023-05-19,1.349769949913025
2023-05-22,1.3487999439239502
2023-05-23,1.3502899408340454
2023-05-24,1.3499399423599243
2023-05-25,1.3588500022888184
2023-05-26,1.3643200397491455
2023-05-29,1.3609000444412231
2023-05-30,1.3601000308990479
2023-05-31,1.359969973564148
2023-06-01,1.356600046157837
2023-06-02,1.3443000316619873
2023-06-05,1.342829942703247
2023-06-06,1.3447999954223633
2023-06-07,1.339859962463379
2023-06-08,1.3371599912643433
2023-06-09,1.3361999988555908
2023-06-12,1.3336800336837769
2023-06-13,1.336300015449524
2023-06-14,1.331470012664795
2023-06-15,1.3326400518417358
2023-06-16,1.3221900463104248
2023-06-19,1.3198000192642212
2023-06-20,1.3209500312805176
2023-06-21,1.3225599527359009
2023-06-22,1.316100001335144
2023-06-23,1.3145899772644043
2023-06-26,1.3164700269699097
2023-06-27,1.315000057220459
2023-06-28,1.3197699785232544
2023-06-29,1.3251800537109375
2023-06-30,1.3250000476837158
2023-07-03,1.3250000476837158
2023-07-04,1.3248000144958496
2023-07-05,1.322350025177002
2023-07-06,1.3285900354385376
2023-07-07,1.3365399837493896
2023-07-10,1.3278000354766846
2023-07-11,1.3273999691009521
2023-07-12,1.3227699995040894
2023-07-13,1.3182799816131592
2023-07-14,1.3112499713897705
2023-07-17,1.3224999904632568
2023-07-18,1.3201500177383423
2023-07-19,1.3166199922561646
2023-07-20,1.3163000345230103
2023-07-21,1.3174200057983398
2023-07-24,1.3223999738693237
2023-07-25,1.3174599409103394
2023-07-26,1.3187099695205688
2023-07-27,1.3204599618911743
2023-07-28,1.322700023651123
2023-07-31,1.3250999450683594
2023-08-01,1.319200038909912
2023-08-02,1.3268500566482544
2023-08-03,1.33433997631073
2023-08-04,1.3350600004196167
2023-08-07,1.3372999429702759
2023-08-08,1.3371200561523438
2023-08-09,1.3424999713897705
2023-08-10,1.341879963874817
2023-08-11,1.344480037689209
2023-08-14,1.3439799547195435
2023-08-15,1.3458800315856934
2023-08-16,1.3490099906921387
2023-08-17,1.353659987449646
2023-08-18,1.3545199632644653
2023-08-21,1.354159951210022
2023-08-22,1.3543000221252441
2023-08-23,1.3550100326538086
2023-08-24,1.352370023727417
2023-08-25,1.358680009841919
2023-08-28,1.3594000339508057
2023-08-29,1.3601100444793701
2023-08-30,1.3558900356292725
2023-08-31,1.3535300493240356
2023-09-01,1.3509700298309326
2023-09-04,1.3594499826431274
2023-09-05,1.3598699569702148
2023-09-06,1.3638900518417358
2023-09-07,1.3638999462127686
2023-09-08,1.3683500289916992
2023-09-11,1.3626999855041504
2023-09-12,1.3578699827194214
2023-09-13,1.3551000356674194
2023-09-14,1.3552500009536743
2023-09-15,1.3514800071716309
2023-09-18,1.3521900177001953
2023-09-19,1.3487000465393066
2023-09-20,1.3442699909210205
2023-09-21,1.3476699590682983
2023-09-22,1.347749948501587
2023-09-25,1.3476999998092651
2023-09-26,1.345039963722229
2023-09-27,1.3519599437713623
2023-09-28,1.350100040435791
2023-09-29,1.3490999937057495
2023-10-02,1.3573700189590454
2023-10-03,1.3676300048828125
2023-10-04,1.3709100484848022
2023-10-05,1.3744200468063354
2023-10-06,1.3705699443817139
2023-10-09,1.3661099672317505
2023-10-10,1.358049988746643
2023-10-11,1.3583600521087646
2023-10-12,1.3594499826431274
2023-10-13,1.3683799505233765
2023-10-16,1.3644299507141113
2023-10-17,1.3614399433135986
2023-10-18,1.3653000593185425
2023-10-19,1.3713799715042114
2023-10-20,1.3715300559997559
2023-10-23,1.370300054550171
2023-10-24,1.3688499927520752
2023-10-25,1.3741600513458252
2023-10-26,1.3802900314331055
2023-10-27,1.3813999891281128
2023-10-30,1.3863400220870972
2023-10-31,1.3828599452972412
2023-11-01,1.387660026550293
2023-11-02,1.3834400177001953
2023-11-03,1.3746999502182007
2023-11-06,1.3660600185394287
2023-11-07,1.369729995727539
2023-11-08,1.3768500089645386
2023-11-09,1.3793200254440308
2023-11-10,1.3806999921798706
2023-11-13,1.379889965057373
2023-11-14,1.3801499605178833
2023-11-15,1.3699400424957275
2023-11-16,1.368340015411377
2023-11-17,1.3752100467681885
2023-11-20,1.371899962425232
2023-11-21,1.3724100589752197
2023-11-22,1.3701000213623047
2023-11-23,1.3692500591278076
2023-11-24,1.3695000410079956
2023-11-27,1.3630499839782715
2023-11-28,1.360700011253357
2023-11-29,1.3562999963760376
2023-11-30,1.3590199947357178
2023-12-01,1.3556499481201172
2023-12-04,1.348870038986206
2023-12-05,1.3538999557495117
2023-12-06,1.3590999841690063
2023-12-07,1.359179973602295
2023-12-08,1.3598599433898926
2023-12-11,1.3580800294876099
2023-12-12,1.357800006866455
2023-12-13,1.3585000038146973
2023-12-14,1.3508100509643555
2023-12-15,1.3407000303268433
2023-12-18,1.3381600379943848
2023-12-19,1.3397799730300903
2023-12-20,1.3334200382232666
2023-12-21,1.335819959640503
2023-12-22,1.3283900022506714
2023-12-25,1.3256800174713135
2023-12-26,1.3250000476837158
2023-12-27,1.3195199966430664
2023-12-28,1.320199966430664
2023-12-29,1.3229600191116333
2024-01-01,1.3239200115203857
2024-01-02,1.3242000341415405
2024-01-03,1.332200050354004
2024-01-04,1.3347699642181396
2024-01-05,1.3355000019073486
2024-01-08,1.3359800577163696
2024-01-09,1.3349000215530396
2024-01-10,1.338919997215271
2024-01-11,1.3378499746322632
2024-01-12,1.3379900455474854
2024-01-15,1.340939998626709
2024-01-16,1.3435800075531006
2024-01-17,1.3489999771118164
2024-01-18,1.3502800464630127
2024-01-19,1.348620057106018
2024-01-22,1.3431600332260132
2024-01-23,1.347790002822876
2024-01-24,1.3456000089645386
2024-01-25,1.3525400161743164
2024-01-26,1.3477699756622314
2024-01-29,1.3453999757766724
2024-01-30,1.3411400318145752
2024-01-31,1.3401700258255005
2024-02-01,1.3435499668121338
2024-02-02,1.3382999897003174
2024-02-05,1.3470100164413452
2024-02-06,1.3543000221252441
2024-02-07,1.34893000125885
2024-02-08,1.3464000225067139
2024-02-09,1.3459999561309814
2024-02-12,1.3457800149917603
2024-02-13,1.3455300331115723
2024-02-14,1.3565800189971924
2024-02-15,1.3538700342178345
2024-02-16,1.3465299606323242
2024-02-19,1.3477799892425537
2024-02-20,1.3497999906539917
2024-02-21,1.3521900177001953
2024-02-22,1.3496999740600586
2024-02-23,1.348140001296997
2024-02-26,1.3507200479507446
2024-02-27,1.3501299619674683
2024-02-28,1.3531700372695923
2024-02-29,1.3577500581741333
2024-03-01,1.3573700189590454
2024-03-04,1.355239987373352
2024-03-05,1.357200026512146
2024-03-06,1.3589999675750732
2024-03-07,1.3512699604034424
2024-03-08,1.3451999425888062
2024-03-11,1.348449945449829
2024-03-12,1.347749948501587
2024-03-13,1.349310040473938
2024-03-14,1.3466299772262573
2024-03-15,1.3537700176239014
2024-03-18,1.3546099662780762
2024-03-19,1.3534799814224243
2024-03-20,1.3573100566864014
2024-03-21,1.347190022468567
2024-03-22,1.3526999950408936
2024-03-25,1.3611500263214111
2024-03-26,1.3584599494934082
2024-03-27,1.3581000566482544
2024-03-28,1.3586000204086304
2024-03-29,1.353600025177002
2024-04-01,1.3521900177001953
2024-04-02,1.3573700189590454
2024-04-03,1.3564300537109375
2024-04-04,1.3523800373077393
2024-04-05,1.354449987411499
2024-04-08,1.3604099750518799
2024-04-09,1.3570799827575684
2024-04-10,1.3572900295257568
2024-04-11,1.3687000274658203
2024-04-12,1.368690013885498
2024-04-15,1.3758000135421753
2024-04-16,1.3786300420761108
2024-04-17,1.3818800449371338
2024-04-18,1.3771799802780151
2024-04-19,1.3769299983978271
2024-04-22,1.373900055885315
2024-04-23,1.3700499534606934
2024-04-24,1.3660600185394287
2024-04-25,1.370419979095459
2024-04-26,1.3658000230789185
2024-04-29,1.36558997631073
2024-04-30,1.36667001247406
2024-05-01,1.3776999711990356
2024-05-02,1.3723000288009644
2024-05-03,1.3666199445724487
2024-05-06,1.3691500425338745
2024-05-07,1.3670899868011475
2024-05-08,1.3733199834823608
2024-05-09,1.3727200031280518
2024-05-10,1.3677799701690674
2024-05-13,1.3676999807357788
2024-05-14,1.366569995880127
2024-05-15,1.365280032157898
2024-05-16,1.3596999645233154
2024-05-17,1.3614599704742432
2024-05-20,1.3607900142669678
2024-05-21,1.3621000051498413
2024-05-22,1.3640300035476685
2024-05-23,1.368899941444397
2024-05-24,1.3732099533081055
2024-05-27,1.3666000366210938
2024-05-28,1.3628900051116943
2024-05-29,1.3645999431610107
2024-05-30,1.3717000484466553
2024-05-31,1.3683300018310547
2024-06-03,1.3618899583816528
2024-06-04,1.3628699779510498
2024-06-05,1.3676199913024902
2024-06-06,1.36899995803833
2024-06-07,1.366819977760315
2024-06-10,1.3759000301361084
2024-06-11,1.3761199712753296
2024-06-12,1.3754899501800537
2024-06-13,1.372189998626709
2024-06-14,1.3740999698638916
2024-06-17,1.3732999563217163
2024-06-18,1.3713300228118896
2024-06-19,1.3716200590133667
2024-06-20,1.3705799579620361
2024-06-21,1.3684699535369873
2024-06-24,1.370129942893982
2024-06-25,1.3657900094985962
2024-06-26,1.3661099672317505
2024-06-27,1.3704500198364258
2024-06-28,1.3699300289154053
2024-07-01,1.3672699928283691
2024-07-02,1.3737800121307373
2024-07-03,1.3676799535751343
2024-07-04,1.3633300065994263
2024-07-05,1.3615200519561768
2024-07-08,1.363800048828125
2024-07-09,1.3629499673843384
2024-07-10,1.3630000352859497
2024-07-11,1.3617199659347534
2024-07-12,1.3624399900436401
2024-07-15,1.3645999431610107
2024-07-16,1.3675999641418457
2024-07-17,1.3669500350952148
2024-07-18,1.3678699731826782
2024-07-19,1.3702000379562378
2024-07-22,1.3707000017166138
2024-07-23,1.3761199712753296
2024-07-24,1.3785799741744995
2024-07-25,1.3810299634933472
2024-07-26,1.3819299936294556
2024-07-29,1.3827999830245972
2024-07-30,1.3855799436569214
2024-07-31,1.3849600553512573
2024-08-01,1.3808300495147705
2024-08-02,1.3880599737167358
2024-08-05,1.3883099555969238
2024-08-06,1.3805299997329712
2024-08-07,1.3786499500274658
2024-08-08,1.3754700422286987
2024-08-09,1.3735400438308716
2024-08-12,1.3735899925231934
2024-08-13,1.3742300271987915
2024-08-14,1.3709100484848022
2024-08-15,1.3715699911117554
2024-08-16,1.37336003780365
2024-08-19,1.3678300380706787
2024-08-20,1.3630000352859497
2024-08-21,1.3617299795150757
2024-08-22,1.3583300113677979
2024-08-23,1.3603399991989136
2024-08-26,1.3508000373840332
2024-08-27,1.3482099771499634
2024-08-28,1.3447699546813965
2024-08-29,1.3476999998092651
2024-08-30,1.3489099740982056
2024-09-02,1.3488999605178833
2024-09-03,1.3497300148010254
2024-09-04,1.3543399572372437
2024-09-05,1.3508100509643555
2024-09-06,1.3500100374221802
2024-09-09,1.3562099933624268
2024-09-10,1.3564000129699707
2024-09-11,1.3609600067138672
2024-09-12,1.3578399419784546
2024-09-13,1.3575799465179443
2024-09-16,1.3577699661254883
2024-09-17,1.3586299419403076
2024-09-18,1.3592100143432617
2024-09-19,1.3610700368881226
2024-09-20,1.3562699556350708
2024-09-23,1.3564200401306152
2024-09-24,1.3529499769210815
2024-09-25,1.3421000242233276
2024-09-26,1.3482199907302856
2024-09-27,1.3475699424743652
2024-09-30,1.3508800268173218
2024-10-01,1.352720022201538
2024-10-02,1.3494600057601929
2024-10-03,1.3504899740219116
2024-10-04,1.3548200130462646
2024-10-07,1.3579200506210327
2024-10-08,1.361799955368042
2024-10-09,1.3652000427246094
2024-10-10,1.3709299564361572
2024-10-11,1.3745700120925903
2024-10-14,1.378119945526123
2024-10-15,1.3802900314331055
2024-10-16,1.3781100511550903
2024-10-17,1.375499963760376
2024-10-18,1.3795700073242188
2024-10-21,1.3799599409103394
2024-10-22,1.3833500146865845
2024-10-23,1.3816200494766235
2024-10-24,1.3836699724197388
2024-10-25,1.3853299617767334
2024-10-28,1.3895599842071533
2024-10-29,1.3889800310134888
2024-10-30,1.3912800550460815
2024-10-31,1.3907999992370605
2024-11-01,1.3935199975967407
2024-11-04,1.3918800354003906
2024-11-05,1.3900699615478516
2024-11-06,1.3832999467849731
2024-11-07,1.394819974899292
2024-11-08,1.3867299556732178
2024-11-11,1.390779972076416
2024-11-12,1.3921500444412231
2024-11-13,1.3945499658584595
2024-11-14,1.3992700576782227
2024-11-15,1.406149983406067
2024-11-18,1.4085899591445923
2024-11-19,1.4022400379180908
2024-11-20,1.3954999446868896
2024-11-21,1.3968000411987305
2024-11-22,1.3980000019073486
2024-11-25,1.393280029296875
2024-11-26,1.4098399877548218
2024-11-27,1.405310034751892
2024-11-28,1.4026299715042114
2024-11-29,1.4007200002670288
2024-12-02,1.4012600183486938
2024-12-03,1.4042999744415283
2024-12-04,1.4065899848937988
2024-12-05,1.4073100090026855
2024-12-06,1.40215003490448
2024-12-09,1.4147800207138062
2024-12-10,1.417199969291687
2024-12-11,1.4174400568008423
2024-12-12,1.4148900508880615
2024-12-13,1.421720027923584
2024-12-16,1.4225900173187256
2024-12-17,1.4234700202941895
2024-12-18,1.4309699535369873
2024-12-19,1.4460999965667725
2024-12-20,1.440310001373291
2024-12-23,1.4361300468444824
2024-12-24,1.4374200105667114
2024-12-25,1.4362000226974487
2024-12-26,1.4353599548339844
2024-12-27,1.4410400390625
2024-12-30,1.4403400421142578
2024-12-31,1.434980034828186
2025-01-02,1.437459945678711
2025-01-03,1.4402999877929688
2025-01-06,1.444000005722046
2025-01-07,1.433859944343567
2025-01-08,1.4364099502563477
2025-01-09,1.4377000331878662
2025-01-10,1.4401600360870361
2025-01-13,1.4414900541305542
2025-01-14,1.4362800121307373
2025-01-15,1.4351500272750854
2025-01-16,1.4326200485229492
2025-01-17,1.439579963684082
2025-01-20,1.4474300146102905
2025-01-21,1.4302599430084229
2025-01-22,1.4342700242996216
2025-01-23,1.4393600225448608
2025-01-24,1.4378399848937988
2025-01-27,1.4385099411010742
2025-01-28,1.4400999546051025
2025-01-29,1.4399900436401367
2025-01-30,1.4399000406265259
2025-01-31,1.4493000507354736
2025-02-03,1.4716999530792236
2025-02-04,1.4417999982833862
2025-02-05,1.43340003490448
2025-02-06,1.4315299987792969
2025-02-07,1.430609941482544
2025-02-10,1.4331799745559692
2025-02-11,1.4336600303649902
2025-02-12,1.4285099506378174
2025-02-13,1.4300700426101685
2025-02-14,1.4192099571228027
2025-02-17,1.4184000492095947
2025-02-18,1.4184999465942383
2025-02-19,1.4189200401306152
2025-02-20,1.4240399599075317
2025-02-21,1.4176000356674194
2025-02-24,1.4211599826812744
2025-02-25,1.4276000261306763
2025-02-26,1.4300700426101685
2025-02-27,1.4335999488830566
2025-02-28,1.444350004196167
2025-03-03,1.444100022315979
2025-03-04,1.4490000009536743
2025-03-05,1.439710021018982
2025-03-06,1.433859944343567
2025-03-07,1.429110050201416
2025-03-10,1.437019944190979
2025-03-11,1.4428900480270386
2025-03-12,1.4432400465011597
2025-03-13,1.436169981956482
2025-03-14,1.442579984664917
2025-03-17,1.4369200468063354
2025-03-18,1.4295099973678589
2025-03-19,1.4299499988555908
2025-03-20,1.4319000244140625
2025-03-21,1.4322700500488281
2025-03-24,1.43326997756958
2025-03-25,1.4316099882125854
2025-03-26,1.427299976348877
2025-03-27,1.4294999837875366
2025-03-28,1.4307500123977661
2025-03-31,1.4309099912643433
2025-04-01,1.4390699863433838
2025-04-02,1.4292099475860596
2025-04-03,1.4216500520706177
2025-04-04,1.4081000089645386
2025-04-07,1.4241100549697876
2025-04-08,1.4237799644470215
2025-04-09,1.4253000020980835
2025-04-10,1.4101300239562988
2025-04-11,1.3950999975204468
2025-04-14,1.3873900175094604
2025-04-15,1.3899999856948853
2025-04-16,1.3956999778747559
2025-04-17,1.3859699964523315
2025-04-22,1.383430004119873
2025-04-23,1.3847099542617798
2025-04-24,1.387410044670105
2025-04-25,1.3858000040054321
2025-04-28,1.3870799541473389
2025-04-29,1.3830100297927856
2025-04-30,1.382680058479309
2025-05-01,1.3789600133895874
2025-05-02,1.3846499919891357
2025-05-05,1.3822300434112549
2025-05-06,1.3821899890899658
2025-05-07,1.3769400119781494
2025-05-08,1.3834199905395508
2025-05-09,1.392449975013733
2025-05-12,1.3924000263214111
2025-05-13,1.397420048713684
2025-05-14,1.3932000398635864
2025-05-15,1.3978999853134155
2025-05-16,1.3954700231552124
2025-05-19,1.395259976387024
2025-05-20,1.3956899642944336
2025-05-21,1.3909300565719604
2025-05-22,1.386080026626587
2025-05-23,1.3858000040054321
2025-05-26,1.3737200498580933
2025-05-27,1.373579978942871
2025-05-28,1.38100004196167
2025-05-29,1.3851100206375122
2025-05-30,1.3805700540542603
2025-06-02,1.3726199865341187
2025-06-03,1.3710700273513794
2025-06-04,1.371500015258789
2025-06-05,1.3679100275039673
2025-06-06,1.36667001247406
2025-06-09,1.3690600395202637
2025-06-10,1.3698899745941162
2025-06-11,1.3668299913406372
2025-06-12,1.366569995880127
2025-06-13,1.3596500158309937
2025-06-16,1.3583999872207642
2025-06-17,1.357450008392334
2025-06-18,1.3683600425720215
2025-06-19,1.3696000576019287
2025-06-20,1.3695499897003174
2025-06-23,1.3739299774169922
2025-06-24,1.3728599548339844
2025-06-25,1.3726600408554077
2025-06-26,1.3711999654769897
2025-06-27,1.3643100261688232
2025-06-30,1.3681399822235107
2025-07-01,1.3605400323867798
2025-07-02,1.3644299507141113
2025-07-03,1.3587100505828857
2025-07-04,1.357300043106079
2025-07-07,1.3603299856185913
2025-07-08,1.366529941558838
2025-07-09,1.3668400049209595
2025-07-10,1.368399977684021
2025-07-11,1.365630030632019
2025-07-14,1.368399977684021
2025-07-15,1.3704700469970703
2025-07-16,1.3716399669647217
2025-07-17,1.3689299821853638
2025-07-18,1.3735899925231934
2025-07-21,1.3724000453948975
2025-07-22,1.3675800561904907
2025-07-23,1.3604300022125244
2025-07-24,1.3601499795913696
2025-07-25,1.3640600442886353
2025-07-28,1.37021005153656
2025-07-29,1.3734300136566162
2025-07-30,1.3773900270462036
2025-07-31,1.3825199604034424
2025-08-01,1.385699987411499
2025-08-04,1.3778300285339355
2025-08-05,1.3767999410629272
2025-08-06,1.3770699501037598
2025-08-07,1.37391996383667
2025-08-08,1.3732500076293945
2025-08-11,1.3752700090408325
2025-08-12,1.377369999885559
2025-08-13,1.376960039138794
2025-08-14,1.3752100467681885
2025-08-15,1.381309986114502
2025-08-18,1.381500005722046
2025-08-19,1.380210041999817
2025-08-20,1.3866000175476074
2025-08-21,1.387279987335205
2025-08-22,1.3900400400161743
2025-08-25,1.3828799724578857
2025-08-26,1.3859299421310425
2025-08-27,1.3833400011062622
2025-08-28,1.3781399726867676
2025-08-29,1.3749799728393555
2025-09-01,1.3738399744033813
2025-09-02,1.3747400045394897
2025-09-03,1.3784500360488892
2025-09-04,1.3793100118637085
2025-09-05,1.381500005722046
2025-09-08,1.3833999633789062
2025-09-09,1.3795000314712524
2025-09-10,1.384660005569458
2025-09-11,1.3860499858856201
2025-09-12,1.383370041847229
2025-09-15,1.3839000463485718
2025-09-16,1.3774000406265259
2025-09-17,1.3738800287246704
2025-09-18,1.3769899606704712
2025-09-19,1.3791799545288086
2025-09-22,1.3782000541687012
2025-09-23,1.3824900388717651
2025-09-24,1.3839099407196045
2025-09-25,1.3896000385284424
2025-09-26,1.3940999507904053
2025-09-29,1.39382004737854
2025-09-30,1.3916200399398804
2025-10-01,1.3923499584197998
2025-10-02,1.3939499855041504
2025-10-03,1.396090030670166
2025-10-06,1.3964999914169312
2025-10-07,1.3946000337600708
2025-10-08,1.3952800035476685
2025-10-09,1.3954600095748901
2025-10-10,1.4018800258636475
2025-10-13,1.3998500108718872
2025-10-14,1.4039000272750854
2025-10-15,1.4045000076293945
2025-10-16,1.4046000242233276
2025-10-17,1.4046000242233276
2025-10-20,1.4015899896621704
2025-10-21,1.4033000469207764
2025-10-22,1.4019900560379028
2025-10-23,1.3988800048828125
2025-10-24,1.3986599445343018
2025-10-27,1.399340033531189
2025-10-28,1.3991400003433228
2025-10-29,1.3938900232315063
2025-10-30,1.394129991531372
2025-10-31,1.398110032081604
